{
  "butterfly": {
    "0.02": {
      "accs": [
        84.84848484848484,
        82.15488215488216,
        81.81818181818183,
        85.52188552188552
      ],
      "robs": [
        0.35251322234315535,
        0.37759562710635974,
        0.4231824406871089,
        0.3612860905842518
      ],
      "mean_acc": 83.6,
      "std_acc": 1.6,
      "mean_rob": 0.379,
      "std_rob": 0.027
    },
    "0.05": {
      "accs": [
        83.5016835016835,
        83.83838383838383,
        80.47138047138047,
        83.16498316498317
      ],
      "robs": [
        0.36814515838219275,
        0.37938420399125805,
        0.4297071107573589,
        0.365182185372119
      ],
      "mean_acc": 82.7,
      "std_acc": 1.3,
      "mean_rob": 0.386,
      "std_rob": 0.026
    },
    "0.10": {
      "accs": [
        78.78787878787878,
        81.48148148148148,
        80.13468013468014,
        82.82828282828282
      ],
      "robs": [
        0.4106837601042711,
        0.3880165295167403,
        0.4301120448951461,
        0.3681571804168748
      ],
      "mean_acc": 80.8,
      "std_acc": 1.5,
      "mean_rob": 0.399,
      "std_rob": 0.023
    },
    "0.00": {
      "accs": [
        83.83838383838383,
        82.49158249158249,
        83.83838383838383,
        87.20538720538721
      ],
      "robs": [
        0.34257028112449806,
        0.3731972789115647,
        0.4290495314591701,
        0.3631917631917631
      ],
      "mean_acc": 84.3,
      "std_acc": 1.7,
      "mean_rob": 0.377,
      "std_rob": 0.032
    }
  },
  "scf_fractal": {
    "0.02": {
      "accs": [
        83.83838383838383,
        84.51178451178451,
        83.83838383838383,
        82.82828282828282
      ],
      "robs": [
        0.22034805704312155,
        0.2127490041532602,
        0.21686746982565847,
        0.2102981016857595
      ],
      "mean_acc": 83.8,
      "std_acc": 0.6,
      "mean_rob": 0.215,
      "std_rob": 0.004
    },
    "0.05": {
      "accs": [
        84.51178451178451,
        82.15488215488216,
        83.16498316498317,
        79.7979797979798
      ],
      "robs": [
        0.2207171306073428,
        0.21980874219634491,
        0.2287449381250119,
        0.22306610353385345
      ],
      "mean_acc": 82.4,
      "std_acc": 1.7,
      "mean_rob": 0.223,
      "std_rob": 0.003
    },
    "0.10": {
      "accs": [
        81.81818181818183,
        81.81818181818183,
        82.15488215488216,
        81.14478114478115
      ],
      "robs": [
        0.21097393637454065,
        0.22825788568567346,
        0.21898907225762232,
        0.21341632013808148
      ],
      "mean_acc": 81.7,
      "std_acc": 0.4,
      "mean_rob": 0.218,
      "std_rob": 0.007
    },
    "0.00": {
      "accs": [
        84.17508417508418,
        85.52188552188552,
        83.5016835016835,
        85.52188552188552
      ],
      "robs": [
        0.2092,
        0.21036745406824142,
        0.22809139784946236,
        0.19278215223097114
      ],
      "mean_acc": 84.7,
      "std_acc": 0.9,
      "mean_rob": 0.21,
      "std_rob": 0.012
    }
  }
}